customer_id,first_name,last_name,email,city,country,signup_date
1,Robert,Paul,cunninghamterri@stone.biz,Fosterside,Sweden,2024-08-26
2,Ethan,Montgomery,cmccarty@gmail.com,Murphymouth,Pakistan,2022-12-17
3,Tracy,Williams,cervantesmiguel@gmail.com,Vegafort,French Polynesia,2021-09-03
4,Marissa,Grant,vargasjennifer@yahoo.com,Lake Bonnie,Nauru,2022-04-05
5,Lindsey,Norton,karen93@yahoo.com,West Michael,Maldives,2021-06-24
6,Cheyenne,Anderson,smithivan@yahoo.com,South Cody,Madagascar,2022-02-18
7,Jose,Morris,stephanie65@silva.org,New Adrienneport,Czech Republic,2024-03-31
8,Donna,Butler,jodywhite@rogers.com,Shannonberg,Syrian Arab Republic,2021-10-21
9,Jennifer,Rodriguez,angela59@lane.com,Coxstad,Kiribati,2022-09-29
10,Nicholas,Kelly,smithchad@yahoo.com,Michaelton,Austria,2021-11-16
11,Morgan,Graham,alexanderharvey@gmail.com,West Michael,Central African Republic,2023-03-03
12,Jeffrey,George,leekelly@dickerson.info,Lovefort,Fiji,2021-07-06
13,Gregory,Atkins,zacharyhaynes@hotmail.com,New Davidhaven,Timor-Leste,2023-10-24
14,James,Tanner,jessicabennett@pacheco.info,Markfort,Saint Pierre and Miquelon,2024-09-10
15,Robert,Gibson,blackangela@gmail.com,New Ruthmouth,Saint Lucia,2024-06-15
16,Cynthia,Luna,shawnsmith@yahoo.com,New Maria,Bahrain,2022-07-23
17,Victoria,Watts,timothy82@blake.com,Meyersfort,Bahrain,2024-06-23
18,Kayla,Page,bakergloria@gmail.com,Ortizton,Norfolk Island,2023-05-06
19,Mark,Jones,cabreraalexander@robinson-owens.com,Port Tim,British Virgin Islands,2022-08-07
20,James,Ramsey,xmiller@yahoo.com,West Tammyview,Estonia,2022-04-22
21,Jacob,Brooks,matthew84@martin.com,Wellshaven,Antigua and Barbuda,2022-05-03
22,Sarah,Porter,mendezkellie@yahoo.com,New Robertberg,Kenya,2025-04-27
23,James,Miller,vincentreid@gmail.com,Tiffanyborough,Mali,2023-12-08
24,Sara,Smith,braunjason@hotmail.com,South Sierra,Ghana,2022-08-31
25,Chelsea,Clayton,vwillis@hotmail.com,Harrelltown,Chile,2025-05-10
26,Scott,Davis,sara24@williams.com,Mcleanport,Mauritania,2024-01-01
27,Chad,Ellison,doughertyjohn@burgess-bradley.com,Michaelville,Angola,2021-12-30
28,Cheryl,Stone,ashley16@hotmail.com,Lake Jenniferfort,Tonga,2021-09-07
29,Hector,Lindsey,joshua43@simpson.com,Lake Charles,United States of America,2020-10-06
30,Julie,Campbell,hensonjacob@yahoo.com,Lake Leah,France,2021-07-17
31,Dana,Nichols,james23@hotmail.com,Thompsonmouth,Grenada,2024-12-15
32,John,Norris,gregory26@williams.biz,West Amberton,French Polynesia,2023-11-27
33,Sarah,Kim,xtorres@hotmail.com,Danamouth,Cape Verde,2023-01-09
34,Leslie,Whitaker,hillkimberly@hotmail.com,Hollandbury,Barbados,2021-05-29
35,Laura,Reynolds,tracythomas@yahoo.com,West Sarahaven,Holy See (Vatican City State),2023-06-15
36,Jessica,Wiggins,washingtonjames@flores.com,Dennisfort,Palau,2021-08-25
37,Derek,Anthony,jack46@hayes.biz,Ochoachester,Cocos (Keeling) Islands,2024-06-16
38,Allison,Johnson,thardy@yahoo.com,Youngshire,Brazil,2025-01-02
39,Ronald,Wagner,barbara90@stewart-roberts.com,Tylerberg,Cambodia,2022-03-11
40,Joseph,Garcia,ugibson@hotmail.com,South Brian,Comoros,2023-03-17
41,Matthew,Roberts,brice@thomas.com,Robertsfurt,Qatar,2025-05-31
42,Mike,Peterson,marywhite@yahoo.com,Lake Lesliechester,Portugal,2021-07-21
43,Shannon,Jones,millerjames@moore.biz,West Danielfurt,Malta,2025-05-10
44,Carolyn,Flores,marcus41@gmail.com,Carlsonfort,Saint Helena,2024-04-24
45,Heather,Bautista,robertohenderson@gmail.com,Angelaton,Uzbekistan,2023-06-10
46,Claire,Klein,terri36@horton.com,Jamesville,Zimbabwe,2022-05-01
47,Todd,Parker,michaelthompson@yahoo.com,West Maria,Bangladesh,2024-03-29
48,Jessica,Ruiz,matthewperez@hotmail.com,Lake Jamesfurt,Dominican Republic,2021-06-09
49,Cassandra,Bass,jarvismark@johnson-maddox.com,West Jonathanfurt,Monaco,2021-08-01
50,Michelle,Mcdonald,leslierice@yahoo.com,Port Vincent,Czech Republic,2023-02-11
51,Jeffrey,Ruiz,patriciagalvan@hotmail.com,Terryburgh,Marshall Islands,2021-01-30
52,Brian,Vazquez,owatkins@yahoo.com,New Evelyn,Finland,2023-10-07
53,Joseph,Fernandez,eperez@hotmail.com,Davidberg,Togo,2025-08-25
54,Nicole,Gomez,johnstonaaron@yahoo.com,Aliciashire,Marshall Islands,2024-05-19
55,Vanessa,Jones,darrenlewis@hotmail.com,Millerborough,Netherlands,2022-11-03
56,Paul,Miller,tracy87@allen-williams.com,Garciaburgh,Spain,2023-08-24
57,Patricia,Key,halljennifer@yahoo.com,Port Tamarabury,Ecuador,2022-05-21
58,Troy,Cobb,susanrichardson@hotmail.com,Lisaland,Ukraine,2022-07-15
59,Jack,Cortez,joneschristopher@ho.net,Kaylamouth,Zambia,2023-09-24
60,Robert,Williams,keithkelly@hotmail.com,Hernandezberg,French Southern Territories,2021-05-07
61,James,Jacobs,kwise@gmail.com,Reginahaven,Cambodia,2023-09-19
62,Dawn,Coleman,debrajohnson@briggs-hill.com,New Andrewmouth,Comoros,2024-07-19
63,Heather,Hunter,steven69@yahoo.com,New Megan,United Kingdom,2021-12-25
64,Randall,Mason,patelpaul@aguirre.com,Port Cory,Kyrgyz Republic,2022-08-26
65,Maria,Ortiz,michaelhorton@yahoo.com,New Stephanie,Turkmenistan,2022-12-02
66,Kevin,Lopez,nkennedy@hotmail.com,East Johnmouth,British Virgin Islands,2025-04-14
67,Eric,Salazar,gregoryjenkins@gmail.com,South Barbarafurt,Libyan Arab Jamahiriya,2021-12-04
68,Samantha,Brown,mjackson@phillips.net,Charlesburgh,Saint Pierre and Miquelon,2022-02-01
69,Gregory,Avery,amysalazar@smith.biz,Huynhfurt,Guadeloupe,2025-02-11
70,Sherry,Williams,lrodriguez@liu-cox.com,Ochoaberg,Seychelles,2021-07-13
71,Kim,Thomas,valerieevans@padilla-summers.com,Edwardmouth,Egypt,2023-11-06
72,Matthew,Turner,kelly32@gmail.com,Kimview,Palau,2023-11-18
73,Kyle,Munoz,rgarcia@roberts.com,West Tiffany,Armenia,2021-03-01
74,Justin,Petersen,wlamb@evans-barker.com,Carrieland,Central African Republic,2023-08-26
75,James,Bradshaw,lwalker@gmail.com,North Melissahaven,Bouvet Island (Bouvetoya),2022-12-18
76,Ashley,Heath,martinpeter@austin.com,West Joyce,Angola,2023-03-15
77,Barbara,Murphy,jimenezcarly@yahoo.com,East Mark,Macao,2021-12-10
78,Ricky,Lopez,stephaniebuchanan@lane-watts.com,New Joe,Gabon,2021-09-23
79,Jennifer,Lawrence,lisa86@jones.info,Brandyside,Macedonia,2022-10-21
80,Casey,Fuller,owensanthony@gmail.com,Lake Angela,Tajikistan,2021-07-25
81,Mary,Velez,jramos@jackson.net,Bensonbury,Cocos (Keeling) Islands,2024-11-21
82,Margaret,Lindsey,hhansen@yahoo.com,Port Gabrielhaven,Myanmar,2024-08-16
83,Dawn,West,amandanewman@brown.org,North Micheal,Iran,2023-07-08
84,Angela,Rogers,eknight@lutz.com,Boyerberg,Sierra Leone,2021-07-25
85,Jessica,Hall,peggy02@gmail.com,Ericaview,Cape Verde,2025-07-27
86,Aaron,Caldwell,vwest@yahoo.com,New Bryanberg,El Salvador,2021-06-21
87,Michael,Rodriguez,hannah42@gmail.com,Anthonyburgh,Sudan,2023-11-14
88,Jennifer,Sutton,hallbrittany@hotmail.com,South Rachelbury,Namibia,2022-01-01
89,Jorge,Dillon,jameslong@gmail.com,Richardton,Niger,2022-05-25
90,Julia,Roberts,madison69@gmail.com,Smithchester,Paraguay,2022-07-23
91,Travis,Glenn,laurencarter@gmail.com,Port Philip,Algeria,2024-07-27
92,Michael,Reese,gina61@yahoo.com,Danielville,Paraguay,2023-08-16
93,Jill,Callahan,gregoryheather@kelly.org,Scottton,Russian Federation,2022-04-18
94,Stacie,Mason,ashley48@franklin.biz,Williamston,Grenada,2021-07-16
95,Jose,Anderson,cuevasjoann@collins.com,Diazville,Vanuatu,2023-08-20
96,Yolanda,Bradley,vburke@yahoo.com,West Laura,Latvia,2022-08-03
97,John,Conley,pkhan@flores.com,Holtview,Yemen,2020-12-16
98,Matthew,Nash,tcannon@gibson-farmer.com,North Luis,Maldives,2021-08-17
99,Jonathan,Johnson,sydneyreeves@hotmail.com,Jamesland,Montserrat,2022-02-05
100,Lawrence,Johnson,cooperbilly@klein.com,West Devinside,Canada,2023-06-08
101,Kelly,Decker,frankwilliamson@owens.com,Port Vanessamouth,Ghana,2020-10-22
102,Madison,Conley,gberry@jackson.com,North Barbaramouth,Norfolk Island,2020-10-01
103,Tara,Leon,nicholaswhitaker@ramirez.com,Georgehaven,Ireland,2025-02-02
104,Douglas,Patton,robertlopez@romero.info,Kendraview,Guinea,2023-10-11
105,Jimmy,Cooper,owenskatie@morales.org,North Ryan,Benin,2021-07-25
106,Travis,Davis,edwardskim@hotmail.com,Port Matthew,Trinidad and Tobago,2021-10-31
107,Leslie,Davis,andrew49@hotmail.com,New David,Moldova,2021-09-29
108,Cynthia,Randall,jeffery44@thompson-hansen.biz,Port Joelside,Morocco,2022-09-05
109,David,Ford,figueroalaura@hotmail.com,Port Williamhaven,Seychelles,2023-05-09
110,Angela,Walsh,nichole66@gmail.com,Baileyport,Bouvet Island (Bouvetoya),2024-02-23
111,Matthew,Bailey,rmendez@jones-miller.biz,Kellyfurt,Norway,2021-08-21
112,Cheryl,Dixon,stephanieanthony@gonzales-sanders.info,Stricklandborough,Palestinian Territory,2023-06-12
113,Tanner,Jones,riceamanda@burns.com,Chapmanside,Tuvalu,2023-05-16
114,Colleen,Anderson,ggalvan@robinson-fritz.biz,New Ronald,Korea,2024-06-29
115,Kathleen,Ware,whall@yahoo.com,West Stephen,Saint Lucia,2022-07-03
116,David,Mcgrath,deborahreyes@yahoo.com,Port Ryan,Nicaragua,2022-11-03
117,Chris,Walls,baileybrady@garcia-smith.net,East Shawnton,Bulgaria,2024-07-29
118,Michelle,Bell,lewismelissa@lewis.com,North Tonyville,Belgium,2024-07-24
119,Christopher,Sellers,skinnerrachael@ward-moore.net,Port Russellborough,United States Virgin Islands,2025-05-02
120,Jacob,Baker,tommyanthony@hotmail.com,Erichaven,Haiti,2022-10-18
121,Sara,Larson,ryanlucas@yahoo.com,Kaitlynburgh,Qatar,2022-03-13
122,Timothy,Green,amandadixon@meyer.com,South Andrew,Marshall Islands,2023-07-21
123,Zachary,Burgess,phamdaisy@peterson-cantu.org,Anthonyview,Saint Vincent and the Grenadines,2025-06-15
124,Hailey,Peterson,john35@martinez.com,Kingland,Kazakhstan,2021-06-11
125,Adam,Wheeler,ginahickman@castro-white.org,East Caleb,Vietnam,2025-03-10
126,Carol,Sutton,adam24@hotmail.com,East Victorville,Sudan,2024-01-18
127,Christina,James,ericafuller@gmail.com,South Raymondtown,Kyrgyz Republic,2021-04-10
128,Sean,Griffith,bensondaryl@yahoo.com,Sandraton,Switzerland,2023-06-02
129,Tracy,Diaz,jeffery45@gould.net,Port Paige,Gibraltar,2025-05-04
130,Emily,Mitchell,heatherbowman@yahoo.com,Port Kara,Hong Kong,2023-04-16
131,Faith,Johnson,cardenasashley@yahoo.com,Mariamouth,Guinea,2024-01-28
132,Andrea,Scott,gordonmaria@robinson.com,East Ruthborough,Slovenia,2021-10-06
133,Lacey,Beck,michaeloneill@anderson.biz,South Ashleetown,Mali,2022-03-06
134,Natasha,Kirk,jfrancis@gmail.com,Smithmouth,Latvia,2024-01-20
135,Cathy,Paul,yvonne67@yahoo.com,Juliestad,Kyrgyz Republic,2023-06-16
136,Toni,Williams,stephenmurphy@gmail.com,Ryanmouth,British Indian Ocean Territory (Chagos Archipelago),2022-08-08
137,Diane,Gibson,charleshammond@hotmail.com,Clarkeburgh,Malaysia,2024-10-04
138,Robert,Bowman,ntrujillo@alvarado.net,North Williamton,Lebanon,2023-09-15
139,Edward,Lawson,smitheric@gmail.com,Alexland,Moldova,2023-06-11
140,Richard,Hart,smithpeter@hotmail.com,Jessestad,Germany,2021-09-23
141,Catherine,Rios,gatesbrooke@hotmail.com,Smithland,Lao People's Democratic Republic,2022-04-14
142,Mary,Walker,regina31@cook-rocha.com,West Justin,Senegal,2022-04-03
143,Kaitlyn,Perez,qsosa@yahoo.com,East Ricardoberg,Greece,2022-02-19
144,Sara,Pham,alex89@gmail.com,Amandaport,Japan,2024-06-21
145,Vanessa,James,longronald@hotmail.com,Roberthaven,Netherlands Antilles,2021-12-30
146,Sarah,Rivera,yolandaoliver@gmail.com,North Kerri,Rwanda,2021-07-06
147,Jonathan,Phillips,dominguezanthony@white-torres.net,West Tracy,Afghanistan,2024-09-26
148,Richard,Short,copelandtimothy@gmail.com,Myersmouth,Isle of Man,2021-09-08
149,Joseph,Meyer,joseph02@friedman-matthews.net,Petersfort,Cyprus,2025-04-20
150,Ashley,Carpenter,jamescunningham@kirby.net,North Lynnmouth,Botswana,2021-04-27
151,Abigail,Carter,philipking@flores-aguilar.com,Avilaburgh,Somalia,2021-11-28
152,Jason,Smith,rrodriguez@hoffman.info,Juliafurt,Hong Kong,2020-12-22
153,Lisa,Martin,kjones@gmail.com,Port Bryan,Kuwait,2023-11-27
154,Jennifer,Williams,fbrown@medina.com,East Madison,Moldova,2021-11-06
155,Karen,Leonard,conniewilson@barnes-stephenson.info,North Scott,French Guiana,2024-10-27
156,Christine,Young,norozco@jenkins.com,New Kaylaburgh,Canada,2022-06-11
157,John,Bates,morenosteve@love-everett.com,Port Christopherview,Afghanistan,2021-06-01
158,William,Roberts,edward42@wells-black.info,Freymouth,France,2024-11-24
159,Bryan,Garcia,fwoods@simon-wang.com,Potterstad,Macedonia,2021-07-21
160,Robin,Miller,campbellrobert@yahoo.com,North Bobby,Monaco,2022-09-07
161,Margaret,Dickson,christinaharris@clarke.org,Port Sandraville,Wallis and Futuna,2024-05-23
162,Samantha,Whitehead,breannamorrison@lee.net,Juantown,Gibraltar,2024-04-15
163,Blake,Hale,michaelcraig@barker-chandler.com,Martinstad,Wallis and Futuna,2023-06-10
164,Gregory,Webb,drakeanthony@diaz-sanders.com,Port Paul,Saint Kitts and Nevis,2025-01-20
165,Alexandra,Peterson,pamela49@scott.net,Mccannshire,United States Virgin Islands,2023-01-04
166,Linda,Harris,brycemills@sheppard.com,New Colleen,Niger,2024-07-30
167,Ann,Roberts,apalmer@campbell.com,Tammieburgh,Ukraine,2023-05-14
168,Cheyenne,Brown,smithsteven@gmail.com,Danielstad,Barbados,2025-07-31
169,Gordon,Anderson,jessicawheeler@drake-tran.com,Ericfort,Venezuela,2024-07-28
170,Susan,Blake,benjamingarrett@gmail.com,West John,Kazakhstan,2022-07-20
171,Martha,Rhodes,murphyjoshua@avery-church.biz,Lake Jessicastad,Nigeria,2024-09-03
172,Christina,Thomas,msmith@hughes-wolfe.net,Lake Stephen,United Arab Emirates,2022-12-03
173,Gregory,Brady,denisecarter@brock.com,Port Adrianberg,Slovenia,2024-05-24
174,Donald,Nguyen,jimmybaker@yahoo.com,Buckview,Oman,2025-06-03
175,Scott,Gross,fergusonlance@harding.biz,Edwardberg,Macedonia,2023-10-17
176,Phillip,Wright,robertunderwood@yahoo.com,Lake Billyton,Iceland,2020-11-26
177,William,Brown,hutchinsonolivia@smith.com,Christopherstad,Tajikistan,2023-01-29
178,Sarah,Whitney,aaroncunningham@suarez-carlson.com,Jeffreystad,Honduras,2024-04-11
179,Stephanie,Johnson,pschultz@gmail.com,Craigfurt,Kenya,2025-02-16
180,Daniel,Eaton,leblancryan@riley-boyer.com,Smithmouth,Chile,2024-03-07
181,Natalie,Aguilar,ufitzgerald@yahoo.com,Blacktown,Algeria,2022-11-01
182,James,Hawkins,leblancjose@lopez-warren.com,Saraberg,Nepal,2025-08-29
183,Timothy,Taylor,davidbarr@mahoney.info,South John,Somalia,2021-10-31
184,Micheal,Perry,philip42@moore-thompson.net,Port Kaylabury,Cambodia,2021-12-17
185,Gina,Boyer,lisamaxwell@garner.biz,Amandaborough,Guadeloupe,2021-11-23
186,Katherine,Koch,paulobrien@yahoo.com,Matthewburgh,Azerbaijan,2022-02-08
187,Richard,Jackson,zmartin@gmail.com,East Robert,Denmark,2025-02-12
188,Richard,Butler,allencheryl@horn.biz,West Johnny,Chile,2022-06-24
189,Michael,Riddle,taylorwendy@yahoo.com,West Daniel,Bahamas,2021-06-05
190,Patrick,Graham,williamsangela@hotmail.com,Vargasmouth,Libyan Arab Jamahiriya,2023-02-27
191,Marie,Adams,melissa39@graham.com,Hernandezshire,Madagascar,2023-10-19
192,Latoya,Salazar,levans@jackson.com,West Johntown,Costa Rica,2023-08-07
193,Barry,Anderson,john72@hotmail.com,Lesliechester,Faroe Islands,2022-03-12
194,Joseph,Cook,joneskimberly@hotmail.com,West Katiehaven,Guam,2022-11-04
195,David,Brennan,jeanettesalazar@foley.info,North Karen,Martinique,2022-08-30
196,Melinda,Sanchez,timothyellis@sanchez-smith.com,South Kelli,Tanzania,2022-12-03
197,Gina,White,david80@cuevas.com,New Josephburgh,Peru,2023-09-08
198,Kayla,Wright,medwards@hotmail.com,East Jonathonburgh,American Samoa,2025-02-21
199,Alexander,Lewis,zamorajohn@gmail.com,Branchport,Oman,2022-01-23
200,Jonathan,Martin,nathan87@harrington.com,Petersfurt,Trinidad and Tobago,2025-06-04
201,Lindsey,Herrera,willie49@hotmail.com,Port Lindashire,Luxembourg,2023-12-07
202,Caitlyn,Contreras,nicholasdavenport@love.com,Molinastad,Poland,2025-03-16
203,Jesse,Bauer,jennifer66@hotmail.com,Kennethview,Denmark,2025-07-05
204,Crystal,Williams,kenneth65@yahoo.com,Robertborough,Micronesia,2021-10-09
205,Todd,Gray,riveraaaron@thomas.net,West Carol,Sao Tome and Principe,2023-01-20
206,Craig,Carrillo,zchambers@reed-valentine.com,Lake Patriciaside,Saint Helena,2023-08-28
207,Michael,Mcguire,stephanieduncan@stephens.com,Katieview,Northern Mariana Islands,2023-09-19
208,Jocelyn,Finley,michelle13@gmail.com,East Timothychester,Uzbekistan,2020-10-29
209,Michael,Terrell,sandersandrew@gmail.com,New Charles,Gabon,2022-01-25
210,Patrick,Moody,mguzman@yahoo.com,West Tylerburgh,Micronesia,2025-07-31
211,Nathan,Vega,yhartman@johnson.com,Lake Carmen,Moldova,2024-09-02
212,Diane,Garcia,edwardchristian@yahoo.com,South Darlenebury,Lebanon,2024-07-09
213,Jennifer,Wilkinson,calvin38@hotmail.com,Lake Lawrencestad,Bangladesh,2022-05-05
214,Sergio,Smith,kirkpaul@price.biz,North Josephside,Cook Islands,2021-03-22
215,Scott,Garza,leahcook@hotmail.com,Schwartzmouth,Turks and Caicos Islands,2025-04-20
216,Thomas,Smith,john80@wright.com,Stevenborough,Nepal,2025-03-08
217,Wesley,Crawford,jacksonmichael@hotmail.com,Melanieland,Samoa,2021-01-25
218,Todd,Eaton,monroeanna@hotmail.com,South Cynthiashire,Zambia,2023-11-17
219,Janice,Hester,mary37@yahoo.com,Port Scottmouth,Sri Lanka,2021-06-26
220,Matthew,Hunt,aaron34@stanton-copeland.org,New Jacob,Turks and Caicos Islands,2023-09-03
221,Joshua,Barker,knightshelley@archer-smith.com,South Mitchellport,Uganda,2021-05-01
222,Justin,Hall,tmitchell@bautista.com,North Susanville,Reunion,2022-11-26
223,Antonio,Fields,tiffany55@cunningham-palmer.com,Sarahberg,Israel,2025-01-16
224,Brandon,Rowe,tonycox@gmail.com,Timothyland,Martinique,2025-07-17
225,Kayla,Cruz,gibbspaul@hotmail.com,Caseyville,Israel,2021-06-28
226,Hunter,Rivera,rodneyking@henson.com,Christophermouth,Bouvet Island (Bouvetoya),2023-12-20
227,Rebecca,Marshall,bradley77@yahoo.com,Jordanview,Burkina Faso,2022-02-01
228,Kerry,Brown,rvillegas@yahoo.com,Robertborough,Oman,2023-11-17
229,Brandon,Yates,floresjames@hotmail.com,Lisahaven,El Salvador,2025-05-26
230,James,Wright,bgrant@gmail.com,Cookland,Tunisia,2022-10-23
231,Melissa,Ortega,maryblair@yahoo.com,South Robertfurt,Austria,2022-06-24
232,James,Foster,pamelahansen@yahoo.com,Davisland,Paraguay,2024-03-01
233,Matthew,Harrell,kyle48@gmail.com,Madisonshire,Holy See (Vatican City State),2020-11-20
234,Michael,Hess,fbell@gmail.com,East Amandamouth,Chad,2021-09-06
235,Angelica,Marquez,carlosarmstrong@bennett.info,New Joshuachester,Pitcairn Islands,2024-03-27
236,Jerry,Joseph,davidpatterson@lawson.org,North Glennstad,Norfolk Island,2021-08-26
237,Jeffrey,Pugh,kristinemccann@kim.biz,North Molly,Reunion,2025-01-08
238,Krista,Morris,david33@hotmail.com,Port James,Korea,2025-04-19
239,Derek,Doyle,brandi70@yahoo.com,Ralphview,Holy See (Vatican City State),2024-08-24
240,Kim,Mccoy,justinfreeman@hotmail.com,Port Cameron,Burundi,2024-02-09
241,Angela,Singleton,gregorylewis@boyle-hodges.com,Ortizton,Bermuda,2021-12-28
242,Brian,Rogers,davidford@hotmail.com,Scottfort,French Polynesia,2023-02-27
243,Monica,Johnson,rivasjohn@king.com,Walkerburgh,Guadeloupe,2021-04-30
244,Donna,Stokes,chadbishop@gmail.com,West Kellyberg,Kyrgyz Republic,2025-07-02
245,Chelsea,Andrews,olambert@davis-ford.com,Brandonport,Vanuatu,2024-02-21
246,Meredith,Davis,rkim@gmail.com,South Katherinefurt,Slovenia,2025-07-25
247,Aaron,Washington,joshua67@lara.com,Smithborough,Tajikistan,2022-07-24
248,Victoria,Melendez,fmarshall@barron-jordan.info,North Sharon,Jordan,2024-10-11
249,Russell,Bird,tanyathomas@brown.info,West Toddhaven,Suriname,2024-03-15
250,Brian,Ward,rachael88@gmail.com,West Colleenburgh,Nigeria,2024-12-11
251,Timothy,Moran,jlambert@hotmail.com,Lake Mariechester,Guinea-Bissau,2025-05-23
252,Tracy,Jenkins,tammy13@walsh-lewis.com,Baileymouth,Congo,2024-01-05
253,Zachary,Brown,contreraseric@gmail.com,South Patricia,Saudi Arabia,2023-07-19
254,Stephen,Nichols,imiller@turner.com,New Jeffrey,Congo,2024-12-02
255,Sheila,Rich,xsmith@gmail.com,South Christopher,Equatorial Guinea,2020-09-23
256,Brooke,Scott,mmurillo@gmail.com,North Jerry,Kazakhstan,2025-08-16
257,Alexa,Love,jeffreymassey@fisher-smith.com,Port Nicole,Burundi,2025-05-25
258,Jennifer,Aguilar,rachelbrown@gmail.com,Tiffanychester,Brunei Darussalam,2023-05-06
259,Melissa,Collins,ysmith@hotmail.com,Robynside,India,2021-07-19
260,Steven,Williams,amandadiaz@yahoo.com,Johnsonhaven,Qatar,2021-03-07
261,Amy,Barker,brianna09@hotmail.com,South Holly,Western Sahara,2025-05-15
262,Kimberly,Day,williamsstacy@roman.org,Evanfort,Russian Federation,2021-05-21
263,Alexandra,Thomas,allenkara@yahoo.com,Derekshire,El Salvador,2023-02-17
264,Jean,Lee,davidtaylor@hotmail.com,Ianfurt,Cocos (Keeling) Islands,2021-06-09
265,Rachel,Gonzalez,spearsjames@gmail.com,New Morganstad,Niue,2023-03-07
266,Kelly,Elliott,samantha26@hotmail.com,South Pamela,Eritrea,2024-06-21
267,Donald,Pham,wroberts@wright.com,Louisberg,Wallis and Futuna,2021-01-22
268,Claudia,Rogers,jwang@gibbs-barker.org,Katelynside,Uganda,2022-07-06
269,Pamela,Evans,marroyo@collins.info,West Savannahfurt,Ghana,2023-04-28
270,Hannah,Pruitt,ogreene@mcbride.com,South Matthew,Niger,2024-03-26
271,Richard,Duarte,brendastephens@hotmail.com,South Beverly,Kyrgyz Republic,2022-02-14
272,Matthew,Hanson,ldaniels@hotmail.com,Andersonborough,Tuvalu,2023-12-25
273,Charles,Trevino,qshaw@gmail.com,Lake Jason,Lithuania,2025-06-18
274,Jo,George,haleyrodgers@yahoo.com,Stevenburgh,Kazakhstan,2024-02-03
275,Mark,Smith,timothylawson@mcdaniel.info,New Danielview,Niue,2025-08-22
276,Laura,Collins,anthony55@joyce-montgomery.com,Andrewborough,Iceland,2022-03-10
277,Ashley,Burns,daniel66@meadows.info,Elizabethside,Saudi Arabia,2021-10-11
278,Diana,Hughes,brandon12@yahoo.com,Malonemouth,Spain,2025-04-12
279,Susan,Hansen,bowendebra@yahoo.com,New Jonathanfurt,Angola,2022-12-13
280,Carlos,Mccarty,aprilshepard@hoffman.info,East Natalieside,Qatar,2021-12-01
281,Peter,Calhoun,bthomas@gmail.com,North Cassandra,Aruba,2022-11-10
282,Deborah,Tucker,rallen@newman.com,Morrisside,Kuwait,2024-07-26
283,Katrina,Fry,amorris@gmail.com,West Daveville,Germany,2022-11-14
284,Stephanie,Orozco,smithelizabeth@gmail.com,Bettyview,Comoros,2023-05-28
285,David,Payne,kellymorrow@torres-wood.com,West Andrea,Slovenia,2023-02-24
286,Olivia,Davidson,jeffreyfreeman@mcbride-pitts.com,Rosefurt,Eritrea,2024-10-21
287,Martin,Bowers,salazarkeith@gmail.com,East Haleyshire,Ecuador,2022-08-20
288,Melissa,Rodriguez,sandra10@mendoza-odom.com,Samanthafort,Jamaica,2024-06-25
289,Ryan,Jones,john29@rhodes.com,Brittanymouth,Reunion,2023-03-15
290,Susan,Matthews,jgilbert@yahoo.com,Smithmouth,France,2025-04-23
291,David,Moore,fperez@fitzgerald.info,Mollystad,New Zealand,2022-07-25
292,Gerald,Espinoza,tiffanywood@hotmail.com,Port Michael,South Africa,2020-10-26
293,Austin,Taylor,whitney56@reid-johnson.com,Amandaburgh,Maldives,2022-12-23
294,April,Nguyen,floresthomas@hotmail.com,New Lacey,Ecuador,2023-01-10
295,Paula,Dean,carolyncummings@yahoo.com,Lake Melissa,Korea,2025-03-09
296,Sarah,Barr,caitlin47@washington-cabrera.com,Banksland,Cambodia,2025-08-26
297,Andrew,Adkins,zacharyeaton@miller.info,Amymouth,Portugal,2021-08-05
298,Rebekah,Woods,boyddevin@yahoo.com,New Shannonborough,Jersey,2022-08-17
299,Kelly,Ayers,ray21@gmail.com,West Jenniferchester,Bouvet Island (Bouvetoya),2024-10-29
300,Daniel,Zimmerman,zavalajesse@gmail.com,North Anthonyview,Saint Barthelemy,2025-04-27
301,David,Morales,wrighttimothy@hotmail.com,Toddfort,Poland,2022-03-03
302,Courtney,Gonzalez,ohart@yahoo.com,Lake Christinebury,United States Minor Outlying Islands,2022-10-10
303,Robert,Ross,hannah83@walters.biz,Williamsside,Malaysia,2024-12-06
304,Mary,Hernandez,zbrown@hotmail.com,Robertfurt,Switzerland,2021-01-07
305,Margaret,Woods,tmoore@gmail.com,Estesshire,Guadeloupe,2021-03-04
306,Kristin,Hernandez,pottersarah@franklin.com,Davisfort,Jordan,2025-07-19
307,Christopher,Bender,longcarrie@gmail.com,West Patricia,Niger,2025-06-03
308,Rhonda,Lara,jacquelineherring@gmail.com,South John,Guernsey,2021-02-20
309,Jessica,Moreno,padams@yahoo.com,South Corey,South Georgia and the South Sandwich Islands,2022-04-24
310,Nathaniel,Newman,zachary19@yahoo.com,Juliastad,Gabon,2023-03-05
311,Mary,Villanueva,yduncan@morris-mcgee.info,Snydermouth,Tuvalu,2025-09-04
312,Stacey,Wong,sarah21@duffy.org,North Rebecca,Nepal,2024-09-28
313,Barbara,Boyd,andrew54@wilson.info,West Nicholeland,Ethiopia,2023-06-09
314,Tracy,Martinez,adriangordon@green.com,South Marisa,Lithuania,2025-03-22
315,Joan,Austin,caitlin75@green.com,Raymondland,Spain,2024-11-12
316,Joy,Wall,melissa27@hotmail.com,Port Monica,El Salvador,2020-10-12
317,Stephanie,Leonard,markrose@johnson-glover.info,East Melissaport,French Southern Territories,2023-03-17
318,Kim,Hamilton,bennettmark@hotmail.com,North Heatherhaven,Kyrgyz Republic,2021-07-14
319,Carol,Gonzalez,nwilliams@hotmail.com,Rowemouth,Saint Vincent and the Grenadines,2022-04-15
320,Erika,Burgess,frankhawkins@huffman-patterson.com,Lake Kennethside,Dominican Republic,2024-05-23
321,James,Wright,michael99@gmail.com,East Peterberg,Saint Lucia,2021-12-23
322,Dennis,Rice,igarcia@walsh.biz,Nathanborough,Korea,2022-07-11
323,Brian,Phillips,warrensusan@gmail.com,Reedland,Turkey,2020-12-14
324,Richard,Foster,burkefrancisco@moore-gonzalez.org,Lake Jamesside,Paraguay,2022-02-10
325,Eric,Garcia,vrussell@yahoo.com,Chavezview,Russian Federation,2022-08-04
326,Bryan,Boyd,brownerin@garrett-ortiz.com,West Stephaniemouth,Nigeria,2023-06-18
327,Cesar,Vasquez,mariamiller@gmail.com,Deanfort,Peru,2021-05-15
328,Sylvia,Harrington,lynnandrew@green.com,Hoffmanside,Guernsey,2022-04-08
329,Ashley,Brewer,pamela39@ellis.com,Simpsonberg,Lao People's Democratic Republic,2023-02-01
330,Christopher,Kennedy,pereztanya@yahoo.com,North Daltonview,Saint Lucia,2024-06-10
331,Christopher,Miller,pallen@anthony.com,Matthewberg,Seychelles,2023-03-31
332,Eduardo,Jordan,connie63@hotmail.com,Bartlettville,Northern Mariana Islands,2025-03-08
333,Amy,Taylor,ryan29@fowler.com,Youngshire,Guam,2021-08-28
334,Lisa,Meyer,scottrodney@hotmail.com,Port Angel,Cayman Islands,2023-05-03
335,Cody,Owens,stevenwood@walters.com,New Kathryn,Grenada,2022-01-24
336,Anna,Fox,johnlopez@edwards.com,Brittanyport,Turks and Caicos Islands,2024-06-08
337,Steven,Ramos,blankenshipchristopher@hotmail.com,Martinezchester,Lao People's Democratic Republic,2021-06-19
338,Michelle,Hayden,victoriabarber@yahoo.com,Mollyland,Chile,2022-11-06
339,Julia,Mendez,fochoa@barnes.com,Gracehaven,Liberia,2022-11-29
340,Steven,Ray,cesar66@chaney.com,Thomasview,Armenia,2025-07-18
341,Lisa,Martinez,yvillanueva@koch-flores.biz,New Ericaburgh,Singapore,2025-03-02
342,Brian,Garrett,gbrown@yahoo.com,East Ashleyshire,Mongolia,2021-09-02
343,Zachary,Villa,kristinaharvey@sandoval.com,Clarkville,Costa Rica,2024-07-12
344,Hayley,Bennett,hoffmansusan@choi-bryan.com,Littleborough,Faroe Islands,2020-10-22
345,Ann,Hooper,xwood@torres-ewing.org,Jessicaview,Christmas Island,2021-11-15
346,Kimberly,Jones,crivera@gmail.com,Guerrachester,New Caledonia,2024-12-26
347,Daniel,Keller,sonia44@bentley-hall.biz,North Deborah,Georgia,2024-06-10
348,George,Lam,aliciaklein@yahoo.com,Port Amberville,Guinea-Bissau,2020-10-30
349,Nicole,Singh,richardmccoy@taylor.com,Elizabethtown,Malaysia,2024-07-24
350,George,Palmer,twebster@king.org,Emmaside,Anguilla,2024-09-01
351,Brandi,Young,qfranco@hull.com,Lake Leonardton,Paraguay,2021-03-01
352,Nicole,Stone,douglashunter@gmail.com,North Josephborough,Argentina,2024-08-21
353,Matthew,Castillo,fshea@bolton.info,Lake Lorifurt,Bahamas,2022-06-10
354,Derek,Young,wgrimes@odom.net,Lake Jacob,Benin,2024-08-26
355,Virginia,Arnold,codymcmahon@bruce.com,Port Linda,Dominican Republic,2024-01-22
356,Kevin,Buchanan,tyler17@yahoo.com,East Markview,Holy See (Vatican City State),2025-06-24
357,Brandon,Carter,edwardskylie@hotmail.com,Meyerberg,Paraguay,2022-05-11
358,Lori,Patterson,tyler80@castillo.biz,Amyberg,Sudan,2023-12-26
359,Jennifer,Morrow,collinsjoseph@yahoo.com,New Micheleview,Saint Barthelemy,2021-02-20
360,Samantha,Woodward,janetevans@hotmail.com,New Patricia,Malta,2024-03-27
361,Maria,Church,nolson@gmail.com,Masonfurt,San Marino,2025-05-11
362,Amy,Fowler,patrick91@hodges-ferguson.com,North Samantha,Hong Kong,2021-07-19
363,Alan,Evans,dreese@yahoo.com,Roberttown,Bolivia,2025-06-19
364,Misty,Sanders,morriscarlos@hotmail.com,Jamesville,Ukraine,2025-07-08
365,Andrea,Lloyd,edwardpetersen@washington.biz,South Jenniferbury,Albania,2024-03-22
366,Melody,Ellis,markknapp@hotmail.com,Gomezview,Latvia,2021-12-04
367,Cindy,Horton,shannon48@gmail.com,Port Sara,Haiti,2023-01-02
368,Stacey,Dillon,john28@rodgers.com,North Diana,Benin,2023-03-11
369,Monica,Jackson,kennethcopeland@baker.com,Thomaschester,Cambodia,2023-12-04
370,Brandi,Adams,lisa09@gmail.com,North Jason,Bouvet Island (Bouvetoya),2022-03-18
371,Timothy,Harris,anthony65@hotmail.com,Ashleytown,Malaysia,2025-05-11
372,Chad,Obrien,tinabrown@phillips-andrews.com,New Daniel,Ukraine,2025-05-05
373,John,Arnold,michaelmiller@moore-bell.com,Port Rebecca,Eritrea,2023-04-01
374,Nathan,Lee,kellerjasmine@yahoo.com,Dunlapmouth,Burkina Faso,2023-12-03
375,Kirsten,Shaw,jacksonstephanie@gmail.com,Lake Scott,Croatia,2022-01-28
376,Sarah,King,garrettperry@mccarthy-robinson.org,Lake Michael,Sierra Leone,2022-01-16
377,Crystal,Harrell,nguyentheresa@gmail.com,Frederickborough,Romania,2023-09-16
378,Mark,Griffin,nunezmisty@barker.net,West Alex,Madagascar,2024-08-03
379,Carol,Juarez,lisarobertson@hotmail.com,New Cynthia,Singapore,2024-05-04
380,Jared,Bell,christieking@rodriguez.com,Dianaside,Seychelles,2022-11-30
381,Bonnie,Key,wilkinsonnicholas@hotmail.com,East Valerieview,French Southern Territories,2022-06-09
382,Ariel,Ritter,williamszachary@hotmail.com,Richardsonmouth,France,2024-02-06
383,Amanda,Johnson,cliffordjoseph@gmail.com,Shannonview,Cape Verde,2022-02-19
384,Penny,Stevens,johnsonwilliam@liu-bush.biz,Dannyville,Guinea,2023-11-26
385,Zachary,Green,erictravis@martin-green.com,Clarkfurt,Liechtenstein,2022-07-10
386,Brian,Leonard,amythompson@gmail.com,Port Jose,United Arab Emirates,2022-06-22
387,Laura,Bryant,raymondgonzales@stanley.net,New Ryan,Timor-Leste,2022-04-28
388,Jeffrey,Harris,hernandeznicholas@hotmail.com,Josephburgh,Taiwan,2022-05-14
389,Jeremiah,Oneill,connorclark@gmail.com,Frederickside,Lesotho,2021-12-09
390,Ryan,Jones,kelly24@morris-davis.biz,Lake Shannonside,Sweden,2025-06-18
391,Christine,Norton,nsmith@smith-greer.com,East Toddville,British Virgin Islands,2022-08-20
392,Jonathan,Ayers,joshuajohnson@yahoo.com,Crystalborough,El Salvador,2021-12-31
393,Gabriella,Ellis,kennethmorton@gmail.com,Haydenborough,Dominican Republic,2023-06-26
394,Michael,Cole,mwilliams@hotmail.com,East Patrick,Zambia,2024-07-28
395,Mitchell,Whitaker,nancy84@jackson-cox.info,Lake Aaronmouth,Timor-Leste,2022-01-19
396,Jacob,Stewart,carpenterbrenda@smith.net,Lynnport,San Marino,2023-08-13
397,Jennifer,Morris,erica53@flores.net,Gonzalestown,Svalbard & Jan Mayen Islands,2025-03-01
398,Micheal,Brown,burgessdarryl@gmail.com,Gregoryfort,Cook Islands,2021-03-28
399,David,Wong,frollins@hotmail.com,Gillville,Antarctica (the territory South of 60 deg S),2025-01-05
400,Brandi,Zhang,rlawson@yahoo.com,Lake Gregory,Congo,2021-01-24
401,Susan,Potter,john98@johnson-smith.com,West Amyport,United Kingdom,2022-02-01
402,Adam,Collins,michaelberger@baker.com,East Tonyshire,Germany,2022-10-11
403,Heather,Reese,franciscatherine@hotmail.com,South Juliechester,Turkey,2025-05-06
404,Ricky,Wolf,myersmichelle@gmail.com,Pennyview,Latvia,2021-10-18
405,Amy,Mendoza,stephensullivan@baker.com,Garrisonland,Australia,2022-10-12
406,Deborah,Schwartz,stephanie16@rowe.com,Lake Shelbymouth,Turks and Caicos Islands,2021-01-24
407,Tina,Moore,jjohnson@yahoo.com,Kristentown,Bahrain,2023-03-21
408,Thomas,Rivera,johnwoods@yahoo.com,East Markfort,Nauru,2021-01-27
409,Denise,Frazier,ycochran@wiggins.com,Sharonton,Marshall Islands,2025-01-23
410,Carlos,Fry,howeshawn@gmail.com,Thomasside,Armenia,2021-04-05
411,Jacob,Chapman,franklin67@hotmail.com,Williamhaven,Qatar,2024-10-30
412,Laura,Alexander,tlucas@hotmail.com,North Paul,Myanmar,2023-06-10
413,Danielle,Campbell,roberthicks@moore-petersen.org,Lake Randyfort,Austria,2021-07-26
414,Sue,Allen,bryan85@yahoo.com,South Juliamouth,Benin,2024-09-02
415,Jay,Collins,amyconway@hotmail.com,Christopherchester,Azerbaijan,2023-11-04
416,Robert,Ramos,hwhite@lynn.com,West Brianna,Guadeloupe,2024-03-24
417,Faith,Allen,mcfarlandalexandra@smith.com,Tammyburgh,Poland,2021-02-28
418,David,Mueller,ucunningham@odom.org,South Robertborough,Saint Vincent and the Grenadines,2023-02-13
419,Allison,Vargas,jessicarodriguez@hotmail.com,East Erin,Iran,2022-09-23
420,Melissa,Lane,uirwin@duncan.com,North Sean,Mauritania,2022-12-07
421,Jerry,Jennings,schultzjeremy@gmail.com,Johnsonburgh,Jordan,2025-05-11
422,Karen,Johnson,corey54@wong.com,Nelsonchester,Sri Lanka,2025-05-23
423,Jeffrey,Diaz,kfitzgerald@callahan-meza.info,Lake Johnberg,Djibouti,2024-07-20
424,Anna,Castaneda,jmarks@lawson-fitzgerald.biz,Mitchellshire,Oman,2024-02-21
425,Juan,Lopez,chamberslauren@yahoo.com,New Jeff,Ghana,2025-01-25
426,Travis,Diaz,jennabailey@gmail.com,Deborahton,Honduras,2021-01-16
427,Jacob,Brooks,vegadavid@russell.net,Port Chris,Liechtenstein,2025-01-21
428,Dawn,Silva,wrice@lewis.com,Burtonport,Sri Lanka,2023-01-14
429,Steven,Brown,olsonalexis@james.com,Port Gregory,Senegal,2021-08-20
430,Cody,Moody,meganarellano@hale-warren.com,East Cynthialand,Mexico,2020-12-10
431,Lauren,Adkins,brendaharris@gmail.com,Smithberg,Barbados,2024-04-05
432,David,Washington,donnacole@gmail.com,New Jennifer,Nigeria,2023-06-27
433,Emily,Flores,shannon02@day-austin.biz,Michaelville,Afghanistan,2021-04-03
434,Amy,Moore,wilsonheather@james.biz,East Markshire,Mexico,2023-08-07
435,Bruce,Silva,davilaallison@gmail.com,Lake Joanne,Lebanon,2022-10-19
436,Jennifer,Smith,williamsbarbara@hotmail.com,Nashmouth,Solomon Islands,2021-05-03
437,Cynthia,Randall,sheajohn@hotmail.com,East Jennifer,French Guiana,2024-06-07
438,Drew,Wiggins,anngaines@adams.org,North Michaelville,Sri Lanka,2025-03-28
439,William,Salinas,jessica55@singh.net,Deborahbury,Timor-Leste,2021-03-08
440,Albert,White,tchang@hotmail.com,North Elizabethland,Timor-Leste,2024-07-26
441,Robert,Clark,emily55@anderson-gonzalez.org,Crystaltown,French Polynesia,2025-07-10
442,Hunter,Miranda,brownlisa@bennett.com,West Matthewbury,Italy,2021-11-16
443,Margaret,Meyer,vhatfield@hotmail.com,South Michaelview,New Caledonia,2025-01-30
444,Jessica,Livingston,mariahmitchell@hotmail.com,South Jaclyn,Oman,2022-08-27
445,Angela,Ramirez,samuel62@warren.com,Martinezland,Rwanda,2021-11-25
446,James,Harrison,jaime17@hotmail.com,East Rachaelfurt,Norfolk Island,2025-08-22
447,Ann,Smith,carrilloglenn@hotmail.com,East Jenniferton,Dominica,2022-10-24
448,Christy,Cochran,rodriguezdaniel@hendricks.net,Arnoldmouth,Haiti,2023-10-15
449,Lacey,Castaneda,elizabethellis@yahoo.com,New Leahshire,Saint Martin,2023-01-13
450,Samantha,Hamilton,kevin13@bright.com,Crosbyshire,Qatar,2021-01-18
451,Michael,Hooper,krystal06@tucker.com,Jeffreyburgh,Thailand,2024-05-03
452,Kayla,Crosby,bellmichael@hotmail.com,East Eileen,Switzerland,2021-10-20
453,April,May,alexandria30@thomas.net,New Michaelmouth,Ireland,2025-01-18
454,Patty,Lee,monroeautumn@yahoo.com,South Johnny,Bosnia and Herzegovina,2021-10-12
455,Jeremy,Allen,todd97@phillips.com,Connieport,Saint Lucia,2025-03-15
456,Anthony,Everett,harrellpamela@everett.info,Randyburgh,Saint Helena,2021-06-04
457,Amy,Rose,xrojas@nelson-soto.biz,Port Autumnstad,Cote d'Ivoire,2025-08-11
458,Theresa,Hanson,combsjames@yahoo.com,Smithton,Cuba,2020-11-06
459,Thomas,Alvarez,browndavid@romero.com,Thompsonport,Belarus,2020-10-25
460,Tara,Harris,erik51@carter.com,West Ronald,Qatar,2020-09-28
461,Corey,Perry,sarahscott@burgess.biz,Paulfurt,Nigeria,2021-03-10
462,Erik,Wagner,sandracamacho@gmail.com,Jacksonbury,Nicaragua,2024-11-20
463,Daniel,Mathis,wsimmons@gmail.com,New Pamelaborough,Bouvet Island (Bouvetoya),2025-06-08
464,Joshua,Mclean,mauricecaldwell@johnson.com,Port Lisaland,United States of America,2024-12-27
465,Michael,Kelly,anthonyatkinson@hotmail.com,Millerstad,India,2024-06-28
466,Michael,Taylor,mannjamie@hotmail.com,Weeksbury,Mozambique,2025-01-04
467,Julie,Moss,ecervantes@douglas.com,Josephton,Grenada,2025-03-12
468,Jeffrey,Malone,jbrock@yahoo.com,Mosleystad,Barbados,2024-01-14
469,Neil,Jackson,robert00@hotmail.com,Bauerville,Turks and Caicos Islands,2021-05-19
470,Ashley,Castillo,fstewart@salinas.net,Steinberg,Mayotte,2024-11-30
471,Jerry,Nielsen,hillalexandra@wong.net,Davidchester,Qatar,2022-09-18
472,April,Ruiz,briansingh@hotmail.com,Linburgh,Uruguay,2024-02-21
473,Jennifer,Hill,nphillips@hernandez.com,Rogersview,Turks and Caicos Islands,2025-04-06
474,Ronnie,Hudson,nharrison@olson.info,Lake Dustinhaven,Saint Pierre and Miquelon,2025-08-02
475,Julie,Sanchez,andrewharrington@martinez.net,East Edgar,Singapore,2025-05-20
476,Paula,Dodson,lucasjohn@miller.com,Johnville,Liberia,2025-01-24
477,Shawn,Flores,wrightdeborah@parker.info,Jesusview,Tonga,2022-02-26
478,Anthony,Wyatt,harringtonbrooke@hendrix.org,Allisonmouth,South Africa,2021-01-04
479,Aaron,Zamora,hcooke@gmail.com,West Mark,Chad,2023-02-01
480,Donna,Carter,amandaballard@harris-gray.org,West Melissa,Egypt,2025-07-05
481,Thomas,Bennett,samanthaward@gmail.com,Lake Jenniferberg,Norway,2023-04-07
482,Carl,Smith,patricia84@yahoo.com,South Ericaland,Slovenia,2024-03-23
483,Grant,Clark,zsmith@gmail.com,Seanville,Jordan,2023-05-30
484,Christopher,Wright,pinedasteven@yahoo.com,New Michael,Isle of Man,2023-05-10
485,Emma,Salas,kevinwright@gmail.com,Franktown,Central African Republic,2022-06-15
486,Kristy,Chavez,jill77@jordan-peterson.net,East John,United Arab Emirates,2022-03-06
487,Cassidy,Thomas,davisdana@watson-hall.com,East Megan,Bahrain,2023-01-26
488,Charles,Cruz,jcooper@young.info,Fieldsfurt,Anguilla,2024-12-26
489,Traci,Morgan,matthew00@gmail.com,North Jonathan,Cayman Islands,2024-12-09
490,Lisa,Sullivan,staceyferguson@yahoo.com,Penamouth,Myanmar,2023-05-13
491,Christopher,Foster,john65@harper-williams.com,Estradaside,Antarctica (the territory South of 60 deg S),2024-06-23
492,Megan,Diaz,markmyers@collier.com,Allenside,Ghana,2021-01-14
493,Katherine,Gomez,aperry@gmail.com,Lake Ashleyville,Sudan,2024-01-03
494,Christine,Weber,catherinemaynard@yahoo.com,Rebeccamouth,Yemen,2025-01-24
495,Andrew,Fields,sandra06@gmail.com,Port Sarahaven,Panama,2022-05-06
496,Sara,Harvey,andersonbilly@yahoo.com,New Nicholasfurt,Nicaragua,2024-03-29
497,Alexis,Webb,theodorejones@gmail.com,Yangview,Spain,2025-01-08
498,Victoria,Lopez,jmedina@yahoo.com,Kristineside,Iraq,2025-08-11
499,William,Powell,nelsonpamela@knapp.com,Leahside,Nepal,2022-10-08
500,Lisa,Allen,travis81@le-hansen.biz,Bergburgh,Venezuela,2025-01-02
